path,size_bytes,sha256,duplicate_group
01_characters/lpc faun complete.xcf,1008219,1c0f865bad0615bbb7af838944135e20db3030f7cf837bfeddc3d984be534614,
01_characters/lpc minotaur complete.xcf,1497368,ca92e7d36efed3ff666d6dce59ce464bfe102c1d94e84f424fd629ec6d60bb12,
01_characters/rabbit.png,12045,89da7327cb5662ac1f8ef14ec7c00d38218827582bc0f273e1cea873ce570ae1,
01_characters/rabbit_reorganised.xcf,229177,784e4b67222f0445040176c8642ccc52321085ad0fdebd5944516cd2c9047943,
01_characters/werewolf-48x64.xcf,116338,31c7f122db698c7280a7cdd2b25ace7ad090817df95adb480f69637718f86112,
01_characters/werewolf-alt-NESW.png,3705,729d488e07ca06c51e0f334c292a5db395d18154fd92ddde8fae95d7fe60c71c,
01_characters/werewolf-alt-SWEN.png,3689,6ec6b247ed8ec80e40ee29c02272e016f7daf34707cb18e5ad94368aa8a6f834,
02_animals/ram eat.png,10728,eb04cfc4d3fa45387b1116b136680d3f33da04f29374102129cc189f8fcfd35b,
02_animals/ram_walk.png,9431,69e1e2cc5e630b13ab1e6a979cfa330391e823ce88d6fed435c1ef083f4cf857,
03_shadows/lpc_shadow.png,8932,28aefbebf279dcd4086aa669c3dc8877597c4091b93e4a967d936ebdb57cdabd,
03_shadows/lpc_shadow_child.png,5196,9a85199c68ba53e0e9f8377988889cf47e8da440b754803c8da4c06ad0275b0f,
04_weapons/LPC_Medieval_Weapons/Female/Flail/Flail Universal Female.png,26784,574a79480b9a7ce31345d4e2e77981d333c2e69ed161130b086c6b9bc9a420e7,
04_weapons/LPC_Medieval_Weapons/Female/Flail/Hurt.png,1302,b6a6497c931aa3b4f00b42bc566856843fb32e3059786e6e6513c37ec6623794,
04_weapons/LPC_Medieval_Weapons/Female/Flail/Slash.png,23952,11e93637bbf512a1d6a91c145cbb8f93f1d391ba32fded96eb2b6c6ee3ae0e4d,
04_weapons/LPC_Medieval_Weapons/Female/Flail/Walk.png,6363,d55a6b8a166bed00940b218dcd89e377e77240cd0e530a2bcf7cd691a04f887d,
04_weapons/LPC_Medieval_Weapons/Female/Halberd/Halberd Universal Female.png,29121,91633e64e43ce821a8bf260a65823252714e1c1cc2e9a147ccb07bf3d9d5e862,
04_weapons/LPC_Medieval_Weapons/Female/Halberd/Hurt.png,1623,09b05b6d47597c97a9e1a01f88ffe60b4d736957ea9eb9d96e67351df73eb36b,
04_weapons/LPC_Medieval_Weapons/Female/Halberd/Slash.png,26166,55f02b48db6781f764b59fd0525787e35acb5b4a34fb14824b753a43458d5951,
04_weapons/LPC_Medieval_Weapons/Female/Halberd/Thrust.png,29862,1e0f469f2f10c3b031ea0778c357ee957d5913e43e19c8196574840d9aaf0426,
04_weapons/LPC_Medieval_Weapons/Female/Halberd/Walk.png,8715,242718dc98fee7f8335a42ec8cd834b4aace285fc4804fda1fd5a90dca1d54be,
04_weapons/LPC_Medieval_Weapons/Female/War Axe/Hurt.png,1629,29ce8eb4b78ad479932c5e1564c478e1411ae662079c426ca20c0fd8ee4be7bb,
04_weapons/LPC_Medieval_Weapons/Female/War Axe/Slash.png,27429,d7ff732c7cea5eeb11a1cde7008c2c05ec3474b2fa270f08cb963504989c9c6d,
04_weapons/LPC_Medieval_Weapons/Female/War Axe/Walk.png,9522,bc9459da4644109a42bdaea0e1b2bc034a5e5e77102b145613c54532793aa64e,
04_weapons/LPC_Medieval_Weapons/Female/War Axe/War Axe Universal Female.png,30333,ddaf2a159f253fac232fe3e73b4a7d6ad42f749f7907846cb4aa2d3af986cb65,
04_weapons/LPC_Medieval_Weapons/Male/Flail/Flail Universal.png,26286,b9917e3d5e2a731f26dce526a45552c075eb43b0cdcacd7cdfa46d0369746299,
04_weapons/LPC_Medieval_Weapons/Male/Flail/Hurt.png,1290,c942abfbab0a171974ad261c257c05190b25b2cb334d153a4de6394fcc84abb4,
04_weapons/LPC_Medieval_Weapons/Male/Flail/Slash.png,23538,12f09132b99f780a0600bbc491b0c6a23d859807bb78778a2666742cab4947ba,
04_weapons/LPC_Medieval_Weapons/Male/Flail/Walk.png,6165,33b61f253e936d3c9356629ec982a5515a1987112db9f2a2f5c4389002289197,
04_weapons/LPC_Medieval_Weapons/Male/Halberd/Halberd Universal.png,29172,2231ecf297592e80adc73c5849c3a83d9d8c64eeb1a8a65fb380c9c0c92e4874,
04_weapons/LPC_Medieval_Weapons/Male/Halberd/Hurt.png,1647,d548b4a1cc978c67ef6a9fe8178dc151af00b5c6ad3c060375cc1378df104bce,
04_weapons/LPC_Medieval_Weapons/Male/Halberd/Slash.png,26598,26b236085032dc53bfe2c46d9d4fd5eda715bbd8f111ceee7725442b1b0b9b8c,
04_weapons/LPC_Medieval_Weapons/Male/Halberd/Thrust.png,29823,1948435442ad4a9ef1627b43601a0c9eca5ab1c03fc57a730772e19fefd41811,
04_weapons/LPC_Medieval_Weapons/Male/Halberd/Walk.png,8481,d4774a9b14345fa6589149ed81d5e0fb5dff246e406457318cf742c15199ce93,
04_weapons/LPC_Medieval_Weapons/Male/War Axe/Hurt.png,1647,9e0734cc8bb8abeee59c051b997a48f4ae15e5fb6a530ad8a2253a213eab977d,
04_weapons/LPC_Medieval_Weapons/Male/War Axe/Slash.png,27558,21f6cb4a9f6597266641ee7588047be3ff7becbba1f1e9c0850aae914906f559,
04_weapons/LPC_Medieval_Weapons/Male/War Axe/Walk.png,9354,f0df7d73dc5c7019b08d2b44686fb3d02034340941ad9f120cef2ede8ae3a6fd,
04_weapons/LPC_Medieval_Weapons/Male/War Axe/War Axe Universal.png,30309,f046d59e96ff9fe046bbb9c166f1122a4920b6a9ad8351d501492d9ea99bbd66,
04_weapons/weapons-extended/dagger.png,5759,9e7ad714d8ae84aac83c1c9923b64eda97469a22a86d2436d6399a72832c3814,
04_weapons/weapons-extended/glowsword_blue.png,7180,20bd07bc78a3c2a7f1e069959ed8f761aeef444280c4d53fe3995cfff9917a72,
04_weapons/weapons-extended/glowsword_red.png,7340,eb547aed1f4085409da1b8dbc13df3d4661c993574bf120a73ecfc6e804e6de5,
04_weapons/weapons-extended/longsword.png,9108,6d6763f5cf55f1f07501d7cafb8f2d457e12567d852ad0ca277f8a15759d1257,
04_weapons/weapons-extended/mace-slash-oversize.png,7870,b5e243cbcd82d85e56aef8a76fa6bc5b871636e2cc14c4bbebd1fd8f4ceb5c57,
04_weapons/weapons-extended/mace.png,7006,4dfc08fb4db09ef390dae5fe965230cd686c564ab6bb05587269497a392a6b45,
04_weapons/weapons-extended/rapier.png,7288,a62918f769128c904283fe33797909dda3a7b50ce68359d6d3804289d5b4dd5f,
04_weapons/weapons-extended/saber.png,6869,b7f071f990b21c77d53fbe77c36c23d0f8d157d1c9db2edd7887ad8f32720826,
04_weapons/weapons-extended/scythe-slash-oversize.png,9227,04888fe8115e6f34ec04db3e962a1ab1cb004e558131a9cdb74e57ea4af29e56,
04_weapons/weapons-extended/scythe.png,9049,db6c71d2de39033604846036ee4d9e6ea783a34a6ef78906c4eacbcee22e9014,
05_tiles/TilesDungeon/Corner1.png,203,01cecbc67bafcb5137c554f124f940f6ed75108722a57ee941d7c5549c2189f0,
05_tiles/TilesDungeon/Corner2.png,206,744390a6627fb9324b978faac6a19fc4fe293aa7ccdfc866b06b0df2e958c022,
05_tiles/TilesDungeon/Corner3.png,213,e59f40105ffd4d3b14107bbf6d88d69dc31cac9e86bc68d4585035c43a35386b,
05_tiles/TilesDungeon/Corner4.png,185,f6fe008d30faded84d3ca07c2bc39d3df251cf9ec69cc858093d375278ae96a3,
05_tiles/TilesDungeon/Preview.JPG,72262,5fd9ba25287c513ebc0701033796bc74eb16eb42c103df759fb119c58f264e93,
05_tiles/TilesDungeon/Tile.png,156,7ba95e171971417903b58568cd9684888507a50c30c9078d86acd4d90485cfe9,
05_tiles/TilesDungeon/TwoSideCorner.png,212,78cc0e7c875361b7dcdf0a54efdbf996d308f3011590c369ae639da20e10afdd,
05_tiles/TilesDungeon/TwoSideCorner1.png,202,5822471da31a7c2ec665732f65a23d675e218eb97c1131c603c4e549ddb47507,
05_tiles/TilesDungeon/TwoSideCorner2.png,216,f15ceaf807483eb9c084c62bdd98361a71c4653c17bb3817fe2984bc2dd32ddb,
05_tiles/TilesDungeon/Wall.png,15534,b23ef482fc2b9443c350d1f1da99521481ab332d219deb5d09ce96e422b483a7,
05_tiles/TilesDungeon/WallDown.png,164,d5ea1a45ae6fc518688b761f9dd72a7a4f2a0c180283000e1350fe6a27b069ed,
05_tiles/TilesDungeon/WallLeft.png,160,38623527314451aa78fbcfdd98978b28de58844fd6f12ffd1ef810c2bc938ec1,
05_tiles/TilesDungeon/WallLeftEnd.png,15557,7a78dc04bc459b751ad248adcb57e2913af85dfb6964cf1e2bfe0c9793f61ca7,
05_tiles/TilesDungeon/WallRight.png,172,6ffaaba8c1838ba2c1a557f780e28799a83180bdb67f304362a40ce4d87da7d9,
05_tiles/TilesDungeon/WallRightEnd.png,15560,13c755330a125065b9090934034dceaeb4b3d18f8d894aba649ab6cdc392a473,
05_tiles/TilesDungeon/WallUp.png,161,0b83c576ad94db9b8e9991757bbb7118b89568df6d7acb3cda6e384e9d56e416,
06_submissions/submission_daneeklu/character/grab_sheet.png,9303,2f872ae013dfac7413be910d1a3fcd9d8cbc2527173a0710e20cb3c2cf9902b0,
06_submissions/submission_daneeklu/character/sword_sheet_128.png,5137,479551cb0e1572254f0dc14397ad00165874b690f92405bca70889747d4b7330,
06_submissions/submission_daneeklu/magic/magic_firelion_big.png,15734,62727bd8a2a1014dcf079e5f9faea771bec629886a2bbff94c55ddd31171b22a,
06_submissions/submission_daneeklu/magic/magic_firelion_sheet.png,6634,cabc995894dff4d8452b54e8038a202da5e84d8936cbf86fd4cc305527122d0a,
06_submissions/submission_daneeklu/magic/magic_iceshield_sheet.png,23544,d80dbbb6ff1f52b63725be39909a026dda5dd5ccecd8e51344d3e66e9eb1105d,
06_submissions/submission_daneeklu/magic/magic_snakebite_sheet.png,13668,148db6f6c070407023d7c193ba23e26bcae9acadc469bd568a2ef03ac85d81f6,
06_submissions/submission_daneeklu/magic/magic_torrentacle.png,17261,5306b0ad9fefe109900f5e1a3de2fee3f807664859397584a083e4645702b60d,
06_submissions/submission_daneeklu/magic/turtleshell_front.png,12028,097163d4e9158329b420157157f59690a3da98dd3612e696e839b47bd8751158,
06_submissions/submission_daneeklu/magic/turtleshell_side.png,9283,2a38b5fbf73d579cdb6fa33c2ac016b7a8fbc070fb869263854d98571757d237,
06_submissions/submission_daneeklu/magics_preview.gif,65904,b69e1d136d67e98473186bfb381ee50908b47b201d453b7085b1f727c0f8279a,
06_submissions/submission_daneeklu/tileset_preview.png,176154,9a3aeae8bdaa0f686a37def903622a5dc5e08af8fe89441da8d5ea915fc9ede6,
06_submissions/submission_daneeklu/tilesets/farming_fishing.png,83293,eb57d8271eeed63a26a03349dd84686adeb03161cea55ed7b11310d78115dbd2,
06_submissions/submission_daneeklu/tilesets/fence.png,5131,4b06696d0feb9a9c834d484c5f3767183e0757e1310efc5026ba2993c97ae7bf,
06_submissions/submission_daneeklu/tilesets/fence_alt.png,5637,907d1676c9ac07bc225bf56c0e0d384ea52e27a1bfcbaa9fe14cd4bd1d802173,
06_submissions/submission_daneeklu/tilesets/plants.png,22934,593f5e134e447f7110ab1c437c6fed3d8b9b2f8a87e60a3eb3fc234da63b2140,
06_submissions/submission_daneeklu/tilesets/plowed_soil.png,10083,05660541aa1240e2b431a5721691d0c4b99d9ee28a58d8db5cf3b6f29e9ab9c3,
06_submissions/submission_daneeklu/tilesets/reed.png,10735,8fee6a0610b41e7cb9d7a260d10be9c4ebadc32520d0c480c5432add38b39902,
06_submissions/submission_daneeklu/tilesets/sand.png,8513,584fd8060e5bc83965765c348e876dd96788b4adadebc1586e9ff752c2479b97,
06_submissions/submission_daneeklu/tilesets/sandwater.png,9512,a53ff2225c1c3bbb2cb8c9521e2aaddff629446d82a50c72db411b3907db48c8,
06_submissions/submission_daneeklu/tilesets/tallgrass.png,9965,b96dabb0b7e7b9d7d3f8e891dafdbd65bda7cca3bdc7500e7eb4c3bdb6dbb093,
06_submissions/submission_daneeklu/tilesets/wheat.png,13490,e206a38614aa304889a0e40a15e15f25639af559adc50fa73222608f8b8ab41d,
06_submissions/submission_daneeklu/tilesets/youngwheat.png,12564,53534261b53051a9c42a1510c60a78d273a8d9d8c90c0daa45f18f48047cfd49,
06_submissions/submission_daneeklu/ui/scrollsandblocks.png,26172,c0e42af7de846c7a3c2283d27bdb31465edf16d1b026233c1b89d9e022459200,
06_submissions/submission_daneeklu/ui_preview.png,6997,7d6f8633e8f15098e39570fd406520235a6e5f6e0d878dd5ab468e56450192e3,
