hash,master,removed,status
2106bf5f85ae6843146651359a6a9b26d3cf6d673a47df24ee3d0c2be321c221,05_OBJECTS/Armor_and_Clothing/teal_tunic(1).png,05_OBJECTS/Armor_and_Clothing/teal_tunic.png,REMOVED_EXACT_DUPLICATE
2106bf5f85ae6843146651359a6a9b26d3cf6d673a47df24ee3d0c2be321c221,05_OBJECTS/Armor_and_Clothing/teal_tunic(1).png,14_DUPLICATES/Exact/teal_tunic__incoming.png,REMOVED_EXACT_DUPLICATE
2106bf5f85ae6843146651359a6a9b26d3cf6d673a47df24ee3d0c2be321c221,05_OBJECTS/Armor_and_Clothing/teal_tunic(1).png,14_DUPLICATES/Exact/teal_tunic(1).png,REMOVED_EXACT_DUPLICATE
9a85199c68ba53e0e9f8377988889cf47e8da440b754803c8da4c06ad0275b0f,05_OBJECTS/Armor_and_Clothing/lpc_shadow_child.png,14_DUPLICATES/Exact/lpc_shadow_child__incoming.png,REMOVED_EXACT_DUPLICATE
35b9677e41ac6748f7a2276fd560dc6e4a6ef1664d3dc83000e6bd238c4807b4,05_OBJECTS/Armor_and_Clothing/legs_skirt_female.png,14_DUPLICATES/Exact/legs_skirt_female__incoming.png,REMOVED_EXACT_DUPLICATE
28aefbebf279dcd4086aa669c3dc8877597c4091b93e4a967d936ebdb57cdabd,05_OBJECTS/Armor_and_Clothing/lpc_shadow.png,14_DUPLICATES/Exact/lpc_shadow__incoming.png,REMOVED_EXACT_DUPLICATE
daf187bd3e24eb3677b00febfe8a63d70c8e35e88bc4f0acddacb417de075158,05_OBJECTS/Armor_and_Clothing/cape_white(1).png,05_OBJECTS/Armor_and_Clothing/cape_white.png,REMOVED_EXACT_DUPLICATE
daf187bd3e24eb3677b00febfe8a63d70c8e35e88bc4f0acddacb417de075158,05_OBJECTS/Armor_and_Clothing/cape_white(1).png,14_DUPLICATES/Exact/cape_white__incoming.png,REMOVED_EXACT_DUPLICATE
daf187bd3e24eb3677b00febfe8a63d70c8e35e88bc4f0acddacb417de075158,05_OBJECTS/Armor_and_Clothing/cape_white(1).png,14_DUPLICATES/Exact/cape_white(1).png,REMOVED_EXACT_DUPLICATE
54dde0e631a1fbe96cee23059436d8f3b6f5154ff95f9ec8590949f133bab7c3,01_CHARACTERS/Player/LPC_Character_Pack/Expressions.png,14_DUPLICATES/Exact/Expressions__incoming.png,REMOVED_EXACT_DUPLICATE
7ad67d78c3955b4f9d6088c17a514c394b1831d369e720e0c2861b3e4d16cfda,01_CHARACTERS/Player/LPC_Character_Pack/lpcfemalelight.png,14_DUPLICATES/Exact/lpcfemalelight__incoming.png,REMOVED_EXACT_DUPLICATE
2968af50ba0f3e38e0e778f97116ed0c7d594a9d2916dbaae47509f9b0622719,01_CHARACTERS/Player/LPC_Character_Pack/ruby-red.png,14_DUPLICATES/Exact/ruby-red__incoming.png,REMOVED_EXACT_DUPLICATE
