asset,organized_path,source_upload,sha256,dimensions,mode,status,duplicate_of
male_stand_mini32.png,01_CHARACTERS/Player/LPC_Male_Mini_Figure/male_stand_mini32.png,male_stand_mini32.png,9db69bafb37a86a11fff9387080e1545938cc02ab12f581a74cef4f502eb967e,32x128,P,NEW_UNIQUE,
male_stand_mini64.png,01_CHARACTERS/Player/LPC_Male_Mini_Figure/male_stand_mini64.png,male_stand_mini64.png,0cff252d21e940bdfe827fe236e498d6c617345e72cf88e9e22fad6adb6571d0,64x256,P,NEW_UNIQUE,
lpcfemalegoldenboots.png,05_OBJECTS/Armor_and_Clothing/LPC_Full_Plate_Golden_Armor/lpcfemalegoldenboots.png,lpcfemalegoldenboots.png,f988c2a48f66fd91b8e339b18753770a07586ba0950be7bbec4b56df80089607,832x1344,RGBA,NEW_UNIQUE,
lpcfemalegoldengloves.png,05_OBJECTS/Armor_and_Clothing/LPC_Full_Plate_Golden_Armor/lpcfemalegoldengloves.png,lpcfemalegoldengloves.png,dbc1f25095dd0f18fb86567bbed93699b2b01b1af1049fc4a8364c1bc2b3ebbf,832x1344,RGBA,NEW_UNIQUE,
lpcfemalegoldengreaves.png,05_OBJECTS/Armor_and_Clothing/LPC_Full_Plate_Golden_Armor/lpcfemalegoldengreaves.png,lpcfemalegoldengreaves.png,6df6dcf773326a21bc6757b7eb425679636b6555342f7a1ebabc41ec03372bcf,832x1344,RGBA,NEW_UNIQUE,
lpcfemalegoldenhelm.png,05_OBJECTS/Armor_and_Clothing/LPC_Full_Plate_Golden_Armor/lpcfemalegoldenhelm.png,lpcfemalegoldenhelm.png,a4cd3e4648fc83c52a6f199a8a80652e59f588a2a1a7a80d73c1398966d76fbe,832x1344,RGBA,NEW_UNIQUE,
lpcfemalegoldenplate.png,05_OBJECTS/Armor_and_Clothing/LPC_Full_Plate_Golden_Armor/lpcfemalegoldenplate.png,lpcfemalegoldenplate.png,b5a2ad5e611ce845f7a3b2af91764227338e6e3a1d051aef970fc07948fb66f6,832x1344,RGBA,NEW_UNIQUE,
lpcfemalegoldenspaulders.png,05_OBJECTS/Armor_and_Clothing/LPC_Full_Plate_Golden_Armor/lpcfemalegoldenspaulders.png,lpcfemalegoldenspaulders.png,038f40a94f95ff8c6bffd81c516ef5d984c734f4e65dc6b1a9e70538865df698,832x1344,RGBA,NEW_UNIQUE,
lpcmalegoldenboots.png,05_OBJECTS/Armor_and_Clothing/LPC_Full_Plate_Golden_Armor/lpcmalegoldenboots.png,lpcmalegoldenboots.png,9b7b1a72499298d0a1b27c71d86bb4f7c3144755ee76ab757d7c97a13dd8f0ee,832x1344,RGBA,NEW_UNIQUE,
lpcmalegoldengloves.png,05_OBJECTS/Armor_and_Clothing/LPC_Full_Plate_Golden_Armor/lpcmalegoldengloves.png,lpcmalegoldengloves.png,24f5dd5b57f9d2349bfc1434dbae327e2debc19794fb25d644ddb105e2af49c9,832x1344,RGBA,NEW_UNIQUE,
lpcmalegoldengreaves.png,05_OBJECTS/Armor_and_Clothing/LPC_Full_Plate_Golden_Armor/lpcmalegoldengreaves.png,lpcmalegoldengreaves.png,5aec7d973bbd8e071bac0bd49de1d7661033839a1139f5ea4a156f6b2466b1c8,832x1344,RGBA,NEW_UNIQUE,
lpcmalegoldenhelm.png,05_OBJECTS/Armor_and_Clothing/LPC_Full_Plate_Golden_Armor/lpcmalegoldenhelm.png,lpcmalegoldenhelm.png,2a04e4cb50029a7db7855da6772fc5794014b53a8039251dac4279ae3d7726fe,832x1344,RGBA,NEW_UNIQUE,
lpcmalegoldenplate.png,05_OBJECTS/Armor_and_Clothing/LPC_Full_Plate_Golden_Armor/lpcmalegoldenplate.png,lpcmalegoldenplate.png,118a1c9fc86ca6cc7fac812b733c3a99e47283dd6e832940a55b1ef3988192df,832x1344,RGBA,NEW_UNIQUE,
pickaxe_male.png,05_OBJECTS/Weapons/LPC_Smash_Weapons/pickaxe_male.png,pickaxe_male.png,a49590823881893d2f5ecf6d365d3f2e1dd8607a96b593d462386ceea49888b4,832x1344,RGBA,NEW_UNIQUE,
labrys_female.png,05_OBJECTS/Weapons/LPC_Smash_Weapons/labrys_female.png,labrys_female.png,1cd36c92be9521341272f48df32428dbb6a907e234cb71b5fcbdd9cae65acdce,832x1344,RGBA,NEW_UNIQUE,
axe_male.png,05_OBJECTS/Weapons/LPC_Smash_Weapons/axe_male.png,axe_male.png,89368d518612f924910dd7f75554782ed0897e9315ba8394a7044ab2b76aa065,832x1344,RGBA,NEW_UNIQUE,
labrys_male.png,05_OBJECTS/Weapons/LPC_Smash_Weapons/labrys_male.png,labrys_male.png,32e9004bb8b3699b2fc90832f5bcea358213a4cf07dc987b501a173ca6abded9,832x1344,RGBA,NEW_UNIQUE,
warhammer_male.png,05_OBJECTS/Weapons/LPC_Smash_Weapons/warhammer_male.png,warhammer_male.png,d26fee6fae18ea063ac3d06c0f8dda3dc2dd20160d73bc418262e6d611527013,832x1344,RGBA,NEW_UNIQUE,
axe_female.png,05_OBJECTS/Weapons/LPC_Smash_Weapons/axe_female.png,axe_female.png,4eb999e0c490027ebc0ff39326831effc0c066a510b20f844a17ca8c8b158778,832x1344,RGBA,NEW_UNIQUE,
pickaxe_female.png,05_OBJECTS/Weapons/LPC_Smash_Weapons/pickaxe_female.png,pickaxe_female.png,f89eeaf7b56bad92c52a0730f2efcb2b2088d859185f86fac04a02b7c829fd6e,832x1344,RGBA,NEW_UNIQUE,
warhammer_female.png,05_OBJECTS/Weapons/LPC_Smash_Weapons/warhammer_female.png,warhammer_female.png,e3567b26cbdcf2ad4829b3c0f081ff8ab6273e1de19057258b0e93f6e66e823d,832x1344,RGBA,NEW_UNIQUE,
left_hand_shovel_male.png,05_OBJECTS/Weapons/LPC_Spear_Shovel_Reworked/left_hand_shovel_male.png,left_hand_shovel_male.png,11337c1603086ad4760513236f9e71e8f8166eea3ece6e9d33ec6a623dbd9117,832x1344,RGBA,NEW_UNIQUE,
left_hand_spear_female.png,05_OBJECTS/Weapons/LPC_Spear_Shovel_Reworked/left_hand_spear_female.png,left_hand_spear_female.png,f54f122c5fb35ce4a6360b9f1fcb4647b52b2c6b1b255899c3ebcf83cd2e7100,832x1344,RGBA,NEW_UNIQUE,
left_hand_shovel_female.png,05_OBJECTS/Weapons/LPC_Spear_Shovel_Reworked/left_hand_shovel_female.png,left_hand_shovel_female.png,4ebaad24e9dcb79fb045cba8424be891969c0a578617488e351de7ef25e6718a,832x1344,RGBA,NEW_UNIQUE,
left_hand_spear_male.png,05_OBJECTS/Weapons/LPC_Spear_Shovel_Reworked/left_hand_spear_male.png,left_hand_spear_male.png,306b9db78db9adf3a6131f701153a71ef347793b2499c5119bb2d43caef742ee,832x1344,RGBA,NEW_UNIQUE,
spear_east.gif,09_ANIMATIONS/LPC_Spear_Shovel_Reworked/spear_east.gif,spear_east.gif,3ab30778378cb953ceea29ca14837af467c072a4c03695d0e3aa57732e34404d,128x128,P,NEW_UNIQUE,
shovel_south.gif,09_ANIMATIONS/LPC_Spear_Shovel_Reworked/shovel_south.gif,shovel_south.gif,f8e003d3f02551d3f0eefe639c6a3e01f55e9c1f1180a59d9110e1a85ff38c6c,128x128,P,NEW_UNIQUE,
lpc_spear_shovel_reworked_preview.png,,lpc_spear_shovel_reworked.zip,58008639ebacded5fa91630356eef8d589e05f783ff5f4614ff473b91987ef5a,128x128,RGBA,PREVIEW_ONLY,
