upload,sha256,size_bytes,source_bundle
wild_boar.zip,7686c6925ea6ca004f2a86589f00cfc8fbe78d64a01eaffb99e0d38566b8c35d,101553,ORIGINAL_UPLOADS_PASS5_2026-08-23.zip
lpc-desert-ruins.zip,c729b7761f54e2b36cb7780c9d4a2db385c1f8358f5d451b3d6f025d0d39c370,9144513,ORIGINAL_UPLOADS_PASS5_2026-08-23.zip
push_and_carry.zip,5ac12d9781ae6fd7a3ab880f6dfda83090b0b3e5896435a6ad38c803113aad86,185442,ORIGINAL_UPLOADS_PASS5_2026-08-23.zip
lpc_magic_headband.zip,fb0975d7657bb9c9fa268758765856ccd86fea3cd31ec70db6e3ce2b29dda011,5688,ORIGINAL_UPLOADS_PASS5_2026-08-23.zip
lpc-more-weapons.zip,b27a51b86cdc0cddf13dfc259fb2c54b5fb4b26bb47d0d15f8e63a723d584da9,102171,ORIGINAL_UPLOADS_PASS5_2026-08-23.zip
lpc-helmets-mega-pack_build.zip,0eab15188945f5935913d27565b45e9d95848e8aa46ea3bdaea95e73937f3439,433005,ORIGINAL_UPLOADS_PASS5_2026-08-23.zip
lpc-ship.zip,18e837d2af4fce8a4bdebd69db966e78587e3f99037692c0aa607d0b43269464,954467,ORIGINAL_UPLOADS_PASS5_2026-08-23.zip
weapons.zip,6e16944769e23fd11c11031ea7bf39dde38bc9d3eed02845349b966b83d1ef6e,6984,ORIGINAL_UPLOADS_PASS5_2026-08-23.zip
lpc_dcss_swords.zip,2d1f8388d142fbd82f023daca62409728d5936ca3a6c5e417214fcf5a5fe668c,27567,ORIGINAL_UPLOADS_PASS5_2026-08-23.zip
toolrack.png,4ae1e8ba95e85bc3be13b21b2d3085616c40070b48f13adc1d5c1c00d2636669,3063,ORIGINAL_UPLOADS_PASS5_2026-08-23.zip
town_buildings.png,162cd7e6ed88a265c028e43b9d3ed8202ddd346b4207e8cdc59192b2410d825b,12903,ORIGINAL_UPLOADS_PASS5_2026-08-23.zip
miscellaneous.png,152cad10a63303a720ca4e70ae49967f375f8af96732135cdf4828ccf4765be6,2811,ORIGINAL_UPLOADS_PASS5_2026-08-23.zip
lpc_simple_staff_male.png,4b7b6ea2877f8d83e51741bd09b0a82e06906c02fc381431b8dc94be7b21afd5,13834,ORIGINAL_UPLOADS_PASS5_2026-08-23.zip
lpc_simple_staff_female.png,d3dc62a00e7de6759409cb3a6ceba518f2a3219ed6963f8bc2f6b0a62e9a186f,13882,ORIGINAL_UPLOADS_PASS5_2026-08-23.zip
wood_iron_shields_by_themselves.png,122963e0e8d98d587a1587ce4e10b110e9489fce6f61c44bd305d60c4a806f05,4976,ORIGINAL_UPLOADS_PASS5_2026-08-23.zip
