source_file,sha256,status,master
CampFire.png,eee8b833696023f351f5d83ee1bc444225a6414ebe90861a7a81be4c3d5ab13f,MASTER_ADDED,15_UNSORTED/NEW_STANDALONE_2026-08-23/CampFire.png
CampFireFinished.png,9ea8166688ca27b3cd0e4eb2735f7e9158971dfb85f21ab2e946d2e00066cdf7,MASTER_ADDED,15_UNSORTED/NEW_STANDALONE_2026-08-23/CampFireFinished.png
Castle2.png,b3222b8bed826043ae11a15c8983af5adbdc4a8bddd04f1171a0b070903991ad,MASTER_ADDED,15_UNSORTED/NEW_STANDALONE_2026-08-23/Castle2.png
Centaur.png,70ebce0bf8235a701c6653f4e9443208ffa604ec6b269a76fac2bc6a407e9629,MASTER_ADDED,15_UNSORTED/NEW_STANDALONE_2026-08-23/Centaur.png
Expressions.png,54dde0e631a1fbe96cee23059436d8f3b6f5154ff95f9ec8590949f133bab7c3,DUPLICATE_SKIPPED,01_CHARACTERS/Player/LPC_Character_Pack/Expressions.png
Forest_1.png,42c2fbe8929964d6aaba1aa15298e51619042dfe072a4ee389811a8ea4dbcd84,MASTER_ADDED,15_UNSORTED/NEW_STANDALONE_2026-08-23/Forest_1.png
House Objects 1 Revised.png,e1ba391f0dfac8b5ebd085a901826ee3da570373f7da9150aa5f0e77003b5272,MASTER_ADDED,15_UNSORTED/NEW_STANDALONE_2026-08-23/House Objects 1 Revised.png
House Objects 1.png,b009587f7c7f495628270dcb8bef693ca604c351596939980c8d673905d5049b,MASTER_ADDED,15_UNSORTED/NEW_STANDALONE_2026-08-23/House Objects 1.png
Mage spell casting sheet copy.png,ff55d965822909486198fcc468fc5165c845bec39ca288f93adfe1627b0d616a,MASTER_ADDED,15_UNSORTED/NEW_STANDALONE_2026-08-23/Mage spell casting sheet copy.png
baldricSlashSheet.png,fef08c52c25da4b3609cf76e6782214f35e50353ee39c921c53455ca461164e8,MASTER_ADDED,15_UNSORTED/NEW_STANDALONE_2026-08-23/baldricSlashSheet.png
baldricSpellSheet copy.png,05778e5a18f62d704c578552626074b587db6106385db34f77557f895d83b4d7,MASTER_ADDED,15_UNSORTED/NEW_STANDALONE_2026-08-23/baldricSpellSheet copy.png
baldricfallsheet copy.png,2e8e9010ff2306d04f927795014b8ba7db4ca84dec00dfa99d5675a70f09cfc4,MASTER_ADDED,15_UNSORTED/NEW_STANDALONE_2026-08-23/baldricfallsheet copy.png
baldricfrontwalksheet copy.png,5073217ac9d0f95b9831f1e25d6f5fc8704640f8bf7474c21aa544e768c055c4,MASTER_ADDED,15_UNSORTED/NEW_STANDALONE_2026-08-23/baldricfrontwalksheet copy.png
barel.png,22510b286c72a35303900d5c98f2d20897e61a0a5f7f23189ed5be45d3fa3707,MASTER_ADDED,15_UNSORTED/NEW_STANDALONE_2026-08-23/barel.png
birds.png,2bb67ffd1d2e70c9fecc54eefbccd7914126b02c06c2c38181c6c5a6b0df9345,MASTER_ADDED,15_UNSORTED/NEW_STANDALONE_2026-08-23/birds.png
bull.png,c7b9340c112a4e1e3fe10165b6a78bf1a74a702bf32da9fe2e401b9ac2d04040,MASTER_ADDED,15_UNSORTED/NEW_STANDALONE_2026-08-23/bull.png
cape_white(1).png,daf187bd3e24eb3677b00febfe8a63d70c8e35e88bc4f0acddacb417de075158,DUPLICATE_SKIPPED,05_OBJECTS/Armor_and_Clothing/cape_white(1).png
cape_white.png,daf187bd3e24eb3677b00febfe8a63d70c8e35e88bc4f0acddacb417de075158,DUPLICATE_SKIPPED,05_OBJECTS/Armor_and_Clothing/cape_white(1).png
capeclip_blue.png,51f1b02355a428caf60bb94ff0fbe7c17dabbabecbafa34127fcbd21fc9866ee,DUPLICATE_SKIPPED,05_OBJECTS/Armor_and_Clothing/capeclip_blue.png
capetie_white.png,a1ee538adab7b056910f059d033317b55ef87b0315ef0b349ed6911068b3a1da,DUPLICATE_SKIPPED,05_OBJECTS/Armor_and_Clothing/capetie_white.png
chicken.png,3570c9c136acbd047fd84511ad4b0f77f662c88ca2f6467e4e76d072a0aca9b6,MASTER_ADDED,15_UNSORTED/NEW_STANDALONE_2026-08-23/chicken.png
chicken_eat.png,c02621f1096d46dba0f11b6358e4ee8901e76b4ea57f58c6e2cd8cd514e63b06,MASTER_ADDED,15_UNSORTED/NEW_STANDALONE_2026-08-23/chicken_eat.png
chicken_shadow.png,ee82440b67e53a7e7b31ddf6b5350c5c539c694cb65feed195e93c361ab57bcb,MASTER_ADDED,15_UNSORTED/NEW_STANDALONE_2026-08-23/chicken_shadow.png
chicken_walk.png,9f2e5b54f283a6e9b4a0e0439a548844b6ce1a20f34e719ae944206e4e206ebe,MASTER_ADDED,15_UNSORTED/NEW_STANDALONE_2026-08-23/chicken_walk.png
cow_eat.png,61bf45f6a448a9bda98d5f92e4263d821f2f8860e1a6438e70c745708275145f,MASTER_ADDED,15_UNSORTED/NEW_STANDALONE_2026-08-23/cow_eat.png
cow_shadow.png,f3892de66dd8ea994dc6614e50d5ca889ed80a18b75cbd793f7b991c4e86a41b,MASTER_ADDED,15_UNSORTED/NEW_STANDALONE_2026-08-23/cow_shadow.png
cow_walk.png,f338ac144fcafdbbdb5c67ce674365b919b87c2a6ef757af60ec7e4abf23796b,MASTER_ADDED,15_UNSORTED/NEW_STANDALONE_2026-08-23/cow_walk.png
crate.png,b26d05ebfe14fe0f6eb144ed46a43d7f7d568943b6ba65bd87ba6df105809f99,MASTER_ADDED,15_UNSORTED/NEW_STANDALONE_2026-08-23/crate.png
elvenears_light.png,e9d3fdbe5027c35bccda9f0751cb605d34ee3d628a93d24842b3203c6597ae48,DUPLICATE_SKIPPED,05_OBJECTS/Armor_and_Clothing/elvenears_light.png
eyes.png,c9c9754a9bfbed7a0b12704035fa5b20453923c45a28d621c53ccf6ce486b996,DUPLICATE_SKIPPED,05_OBJECTS/Armor_and_Clothing/eyes.png
flowers.png,94888a9e2b6ef5e4000abf46cf26c7c1706f9680acb715fb0cdaf28a16f96aec,MASTER_ADDED,15_UNSORTED/NEW_STANDALONE_2026-08-23/flowers.png
frogman.png,a54074d49bd41fadc35944fb221cbbae22f818988ba1947a52e08b670f01059b,MASTER_ADDED,15_UNSORTED/NEW_STANDALONE_2026-08-23/frogman.png
frogman_crown.png,1ad25a969968532771382d8c5150d649a0f5d4c3907190a6143e536426a4fcca,MASTER_ADDED,15_UNSORTED/NEW_STANDALONE_2026-08-23/frogman_crown.png
goat.png,e918acef3267411d80186aae4c48252dad382de0a333d11a09a5819917c92327,MASTER_ADDED,15_UNSORTED/NEW_STANDALONE_2026-08-23/goat.png
gold.png,d22a599ae3716c8f4dec80154c49f52035b1ad87c5a7da5401a2dac6230d2d70,MASTER_ADDED,15_UNSORTED/NEW_STANDALONE_2026-08-23/gold.png
golem.png,192be47da816337c21554887e769039779dd48e627b5443f601816214636faa7,MASTER_ADDED,15_UNSORTED/NEW_STANDALONE_2026-08-23/golem.png
legs_skirt_female.png,35b9677e41ac6748f7a2276fd560dc6e4a6ef1664d3dc83000e6bd238c4807b4,DUPLICATE_SKIPPED,05_OBJECTS/Armor_and_Clothing/legs_skirt_female.png
llama_eat.png,94d9c87db65f67ff7071c548859fecd48464a66d0f0754a974e0893c577c74f5,MASTER_ADDED,15_UNSORTED/NEW_STANDALONE_2026-08-23/llama_eat.png
llama_shadow.png,241962d4f334cc4f082d5c304227e5285c8b16b1bdb372c4ad9b49ecbb370dca,MASTER_ADDED,15_UNSORTED/NEW_STANDALONE_2026-08-23/llama_shadow.png
llama_walk.png,6e1db9838e9d17238a483f1cf1cf2058f51699955d9147af8e13170113016a61,MASTER_ADDED,15_UNSORTED/NEW_STANDALONE_2026-08-23/llama_walk.png
lpc_shadow.png,28aefbebf279dcd4086aa669c3dc8877597c4091b93e4a967d936ebdb57cdabd,DUPLICATE_SKIPPED,05_OBJECTS/Armor_and_Clothing/lpc_shadow.png
lpc_shadow_child.png,9a85199c68ba53e0e9f8377988889cf47e8da440b754803c8da4c06ad0275b0f,DUPLICATE_SKIPPED,05_OBJECTS/Armor_and_Clothing/lpc_shadow_child.png
lpcfemalelight.png,7ad67d78c3955b4f9d6088c17a514c394b1831d369e720e0c2861b3e4d16cfda,DUPLICATE_SKIPPED,01_CHARACTERS/Player/LPC_Character_Pack/lpcfemalelight.png
mage fall down sheet copy.png,60ef20745e503c288e077150fd7f51537eda7e39c6cd8bbcbadcfcd8ab5ee341,MASTER_ADDED,15_UNSORTED/NEW_STANDALONE_2026-08-23/mage fall down sheet copy.png
mage walking poses sheet copy.png,ce89f405ed885d39e74ebb43d921b8735c419eee09b51432e7f74cf7b5dd4e6b,MASTER_ADDED,15_UNSORTED/NEW_STANDALONE_2026-08-23/mage walking poses sheet copy.png
maroon_sleeveless.png,250662103722e2b281720111f7e7d26bd500e91e9052aec5f62dbf024d0ddb72,DUPLICATE_SKIPPED,05_OBJECTS/Armor_and_Clothing/maroon_sleeveless.png
medieval tileset exterior.png,efeeb628a4eed628236d45e71aa8237ecd7fc07a299df9584788fea98fd1d2c1,MASTER_ADDED,15_UNSORTED/NEW_STANDALONE_2026-08-23/medieval tileset exterior.png
medieval tileset interior.png,f740ba80bbf491d11c62e29051baf83050d8d1e5450c4364a7b6b105892bfa6c,MASTER_ADDED,15_UNSORTED/NEW_STANDALONE_2026-08-23/medieval tileset interior.png
pig_eat.png,09366c2632fe9635f0e34c81f9bce5f8ea854e4e672c27b576c276a5a4ebf3a4,MASTER_ADDED,15_UNSORTED/NEW_STANDALONE_2026-08-23/pig_eat.png
pig_walk.png,ff0caf9e03dc2d90997714ff7db222bd3782191a0c6b1ab28ee78b12695b0395,MASTER_ADDED,15_UNSORTED/NEW_STANDALONE_2026-08-23/pig_walk.png
red_orc.png,1d2808e847909ed65b02042accd2a03c0196792fc192c2e29f8827167f11e9f8,DUPLICATE_SKIPPED,01_CHARACTERS/Player/LPC_Character_Pack/red_orc.png
ruby-red.png,2968af50ba0f3e38e0e778f97116ed0c7d594a9d2916dbaae47509f9b0622719,DUPLICATE_SKIPPED,01_CHARACTERS/Player/LPC_Character_Pack/ruby-red.png
sheep_eat.png,20fcc7218839747e20ff5895d315c947a9637d6b1adf03308b19b5bbcd5d2c9c,MASTER_ADDED,15_UNSORTED/NEW_STANDALONE_2026-08-23/sheep_eat.png
sheep_walk.png,2ccaecd23d4dba308974a72415e660a6afa64135253d7061827fb62b67f9d29e,MASTER_ADDED,15_UNSORTED/NEW_STANDALONE_2026-08-23/sheep_walk.png
teal_tunic(1).png,2106bf5f85ae6843146651359a6a9b26d3cf6d673a47df24ee3d0c2be321c221,DUPLICATE_SKIPPED,05_OBJECTS/Armor_and_Clothing/teal_tunic(1).png
teal_tunic.png,2106bf5f85ae6843146651359a6a9b26d3cf6d673a47df24ee3d0c2be321c221,DUPLICATE_SKIPPED,05_OBJECTS/Armor_and_Clothing/teal_tunic(1).png
trimcape_whiteblue.png,71ebe45a264e1fb91720c3af6136fb9fcb54034ac77df7fbafd9983df3c598fb,DUPLICATE_SKIPPED,05_OBJECTS/Armor_and_Clothing/trimcape_whiteblue.png
upholstery.png,3e1f3b7566506a0379ee6094fb3cf089df06b7ba51045d9d18a41a1cfe086a41,MASTER_ADDED,15_UNSORTED/NEW_STANDALONE_2026-08-23/upholstery.png
